,model,n_steps,batch_size,device,n_threads,stepping_method,running_time,steps_per_second
0,humanoid.xml,20,1,cpu,32,env.rollout,0.13553762435913086,147.56050280921605
1,humanoid.xml,20,1,cpu,32,env.step(env.rand_action()),0.011527538299560547,1734.9758014477766
2,humanoid.xml,20,1,cpu,32,env.simulation_pool.step(),0.0026085376739501953,7667.130975230783
3,humanoid.xml,20,1,cuda,32,env.rollout,0.38233256340026855,52.31048023252406
4,humanoid.xml,20,1,cuda,32,env.step(env.rand_action()),0.013501644134521484,1481.301077167579
5,humanoid.xml,20,1,cuda,32,env.simulation_pool.step(),0.002992391586303711,6683.617241654051
6,humanoid.xml,20,2,cpu,32,env.rollout,0.012142181396484375,3294.300973923971
7,humanoid.xml,20,2,cpu,32,env.step(env.rand_action()),0.009421586990356445,4245.569248677784
8,humanoid.xml,20,2,cpu,32,env.simulation_pool.step(),0.002917766571044922,13709.11586860598
9,humanoid.xml,20,2,cuda,32,env.rollout,0.017795801162719727,2247.7212255998716
10,humanoid.xml,20,2,cuda,32,env.step(env.rand_action()),0.013358592987060547,2994.32732464751
11,humanoid.xml,20,2,cuda,32,env.simulation_pool.step(),0.0027618408203125,14483.093922651933
12,humanoid.xml,20,4,cpu,32,env.rollout,0.012118339538574219,6601.564492012277
13,humanoid.xml,20,4,cpu,32,env.step(env.rand_action()),0.00965571403503418,8285.249512333638
14,humanoid.xml,20,4,cpu,32,env.simulation_pool.step(),0.0025148391723632812,31811.179370496775
15,humanoid.xml,20,4,cuda,32,env.rollout,0.019148826599121094,4177.8016833507645
16,humanoid.xml,20,4,cuda,32,env.step(env.rand_action()),0.019479990005493164,4106.778287742488
17,humanoid.xml,20,4,cuda,32,env.simulation_pool.step(),0.0027205944061279297,29405.338708263957
18,humanoid.xml,20,8,cpu,32,env.rollout,0.015508651733398438,10316.82203910958
19,humanoid.xml,20,8,cpu,32,env.step(env.rand_action()),0.010174274444580078,15725.937104560153
20,humanoid.xml,20,8,cpu,32,env.simulation_pool.step(),0.0025382041931152344,63036.69359383806
21,humanoid.xml,20,8,cuda,32,env.rollout,0.020297765731811523,7882.640981969813
22,humanoid.xml,20,8,cuda,32,env.step(env.rand_action()),0.01589226722717285,10067.789429467273
23,humanoid.xml,20,8,cuda,32,env.simulation_pool.step(),0.002712249755859375,58991.61744022503
24,humanoid.xml,20,16,cpu,32,env.rollout,0.014529943466186523,22023.48555207325
25,humanoid.xml,20,16,cpu,32,env.step(env.rand_action()),0.011564970016479492,27669.764776217864
26,humanoid.xml,20,16,cpu,32,env.simulation_pool.step(),0.005874156951904297,54475.90226479422
27,humanoid.xml,20,16,cuda,32,env.rollout,0.022391796112060547,14290.948274026277
28,humanoid.xml,20,16,cuda,32,env.step(env.rand_action()),0.018369197845458984,17420.466734158814
29,humanoid.xml,20,16,cuda,32,env.simulation_pool.step(),0.0032091140747070312,99715.99405646359
30,humanoid.xml,20,32,cpu,32,env.rollout,0.017115116119384766,37393.845039422726
31,humanoid.xml,20,32,cpu,32,env.step(env.rand_action()),0.013684272766113281,46769.01805003833
32,humanoid.xml,20,32,cpu,32,env.simulation_pool.step(),0.0049517154693603516,129248.13712744956
33,humanoid.xml,20,32,cuda,32,env.rollout,0.023585796356201172,27134.9752340133
34,humanoid.xml,20,32,cuda,32,env.step(env.rand_action()),0.01995253562927246,32076.123651224203
35,humanoid.xml,20,32,cuda,32,env.simulation_pool.step(),0.005335092544555664,119960.4307994816
36,humanoid.xml,20,64,cpu,32,env.rollout,0.018246889114379883,70148.94385428508
37,humanoid.xml,20,64,cpu,32,env.step(env.rand_action()),0.014930963516235352,85727.89013972056
38,humanoid.xml,20,64,cpu,32,env.simulation_pool.step(),0.008718729019165039,146810.389127403
39,humanoid.xml,20,64,cuda,32,env.rollout,0.026296377182006836,48675.90661408042
40,humanoid.xml,20,64,cuda,32,env.step(env.rand_action()),0.020839691162109375,61421.2557203002
41,humanoid.xml,20,64,cuda,32,env.simulation_pool.step(),0.008008956909179688,159821.0621576566
42,humanoid.xml,20,128,cpu,32,env.rollout,0.02264571189880371,113045.6843856269
43,humanoid.xml,20,128,cpu,32,env.step(env.rand_action()),0.0216217041015625,118399.5483415667
44,humanoid.xml,20,128,cpu,32,env.simulation_pool.step(),0.010875225067138672,235397.42710571317
45,humanoid.xml,20,128,cuda,32,env.rollout,0.030165672302246094,84864.67579273497
46,humanoid.xml,20,128,cuda,32,env.step(env.rand_action()),0.024746179580688477,103450.31206343396
47,humanoid.xml,20,128,cuda,32,env.simulation_pool.step(),0.01105189323425293,231634.52141085104
48,humanoid.xml,20,256,cpu,32,env.rollout,0.033052682876586914,154904.21818758882
49,humanoid.xml,20,256,cpu,32,env.step(env.rand_action()),0.02954864501953125,173273.5966950684
50,humanoid.xml,20,256,cpu,32,env.simulation_pool.step(),0.018737316131591797,273251.51393307035
51,humanoid.xml,20,256,cuda,32,env.rollout,0.03960728645324707,129269.14359668925
52,humanoid.xml,20,256,cuda,32,env.step(env.rand_action()),0.03507828712463379,145959.2363164298
53,humanoid.xml,20,256,cuda,32,env.simulation_pool.step(),0.01881575584411621,272112.37445988925
54,humanoid.xml,20,512,cpu,32,env.rollout,0.05159497261047363,198468.94923869596
55,humanoid.xml,20,512,cpu,32,env.step(env.rand_action()),0.04818868637084961,212498.01086494027
56,humanoid.xml,20,512,cpu,32,env.simulation_pool.step(),0.03464841842651367,295540.1852387047
57,humanoid.xml,20,512,cuda,32,env.rollout,0.05940389633178711,172379.26520521115
58,humanoid.xml,20,512,cuda,32,env.step(env.rand_action()),0.04986286163330078,205363.26365114277
59,humanoid.xml,20,512,cuda,32,env.simulation_pool.step(),0.033333778381347656,307195.898492261
60,humanoid.xml,20,1024,cpu,32,env.rollout,0.08997011184692383,227631.14971830763
61,humanoid.xml,20,1024,cpu,32,env.step(env.rand_action()),0.08028697967529297,255084.9475572238
62,humanoid.xml,20,1024,cpu,32,env.simulation_pool.step(),0.06333637237548828,323352.9050035385
63,humanoid.xml,20,1024,cuda,32,env.rollout,0.09481930732727051,215989.76597996987
64,humanoid.xml,20,1024,cuda,32,env.step(env.rand_action()),0.08402538299560547,243735.87206464866
65,humanoid.xml,20,1024,cuda,32,env.simulation_pool.step(),0.06563830375671387,312012.9379928589
66,humanoid.xml,20,2048,cpu,32,env.rollout,0.1738109588623047,235658.32826714366
67,humanoid.xml,20,2048,cpu,32,env.step(env.rand_action()),0.16088056564331055,254598.8064886141
68,humanoid.xml,20,2048,cpu,32,env.simulation_pool.step(),0.12711143493652344,322236.9413141665
69,humanoid.xml,20,2048,cuda,32,env.rollout,0.16497802734375,248275.4864964854
70,humanoid.xml,20,2048,cuda,32,env.step(env.rand_action()),0.15508651733398438,264110.6442012053
71,humanoid.xml,20,2048,cuda,32,env.simulation_pool.step(),0.12683963775634766,322927.4438538056
72,humanoid.xml,20,4096,cpu,32,env.rollout,0.32689857482910156,250597.6052138702
73,humanoid.xml,20,4096,cpu,32,env.step(env.rand_action()),0.28702521324157715,285410.46647024475
74,humanoid.xml,20,4096,cpu,32,env.simulation_pool.step(),0.2459096908569336,333130.42570436874
75,humanoid.xml,20,4096,cuda,32,env.rollout,0.3138155937194824,261045.02656814345
76,humanoid.xml,20,4096,cuda,32,env.step(env.rand_action()),0.2874138355255127,285024.5530115695
77,humanoid.xml,20,4096,cuda,32,env.simulation_pool.step(),0.24860930442810059,329513.0091307254
78,humanoid.xml,20,8192,cpu,32,env.rollout,0.6309759616851807,259661.2390152295
79,humanoid.xml,20,8192,cpu,32,env.step(env.rand_action()),0.5547564029693604,295336.83455123455
80,humanoid.xml,20,8192,cpu,32,env.simulation_pool.step(),0.49073171615600586,333868.78126278374
81,humanoid.xml,20,8192,cuda,32,env.rollout,0.5819785594940186,281522.39859565464
82,humanoid.xml,20,8192,cuda,32,env.step(env.rand_action()),0.5441694259643555,301082.6999507538
83,humanoid.xml,20,8192,cuda,32,env.simulation_pool.step(),0.4887118339538574,335248.6856609845
84,humanoid.xml,20,16384,cpu,32,env.rollout,1.2806675434112549,255866.56090867575
85,humanoid.xml,20,16384,cpu,32,env.step(env.rand_action()),1.0939841270446777,299529.02596969553
86,humanoid.xml,20,16384,cpu,32,env.simulation_pool.step(),0.9610011577606201,340977.73697128386
87,humanoid.xml,20,16384,cuda,32,env.rollout,1.1686742305755615,280386.09171575605
88,humanoid.xml,20,16384,cuda,32,env.step(env.rand_action()),1.083878993988037,302321.57078192866
89,humanoid.xml,20,16384,cuda,32,env.simulation_pool.step(),0.9976723194122314,328444.51391920884
90,rodent_stac_optimized.xml,20,1,cpu,32,env.rollout,0.016557693481445312,1207.897707637369
91,rodent_stac_optimized.xml,20,1,cpu,32,env.step(env.rand_action()),0.011940479278564453,1674.974641587796
92,rodent_stac_optimized.xml,20,1,cpu,32,env.simulation_pool.step(),0.0053369998931884766,3747.423721241903
93,rodent_stac_optimized.xml,20,1,cuda,32,env.rollout,0.05409812927246094,369.69855092902725
94,rodent_stac_optimized.xml,20,1,cuda,32,env.step(env.rand_action()),0.020415782928466797,979.6342403363308
95,rodent_stac_optimized.xml,20,1,cuda,32,env.simulation_pool.step(),0.005370378494262695,3724.132297447281
96,rodent_stac_optimized.xml,20,2,cpu,32,env.rollout,0.021327733993530273,1875.4922586775474
97,rodent_stac_optimized.xml,20,2,cpu,32,env.step(env.rand_action()),0.013537168502807617,2954.827665157893
98,rodent_stac_optimized.xml,20,2,cpu,32,env.simulation_pool.step(),0.005506992340087891,7263.492943111958
99,rodent_stac_optimized.xml,20,2,cuda,32,env.rollout,0.0230562686920166,1734.8860968926115
100,rodent_stac_optimized.xml,20,2,cuda,32,env.step(env.rand_action()),0.017807722091674805,2246.2165455007967
101,rodent_stac_optimized.xml,20,2,cuda,32,env.simulation_pool.step(),0.00551295280456543,7255.6398391212215
102,rodent_stac_optimized.xml,20,4,cpu,32,env.rollout,0.01515650749206543,5278.260842207925
103,rodent_stac_optimized.xml,20,4,cpu,32,env.step(env.rand_action()),0.01361846923828125,5874.375350140056
104,rodent_stac_optimized.xml,20,4,cpu,32,env.simulation_pool.step(),0.005369663238525391,14898.513453512121
105,rodent_stac_optimized.xml,20,4,cuda,32,env.rollout,0.023038148880004883,3472.5012159910584
106,rodent_stac_optimized.xml,20,4,cuda,32,env.step(env.rand_action()),0.017925024032592773,4463.034462577976
107,rodent_stac_optimized.xml,20,4,cuda,32,env.simulation_pool.step(),0.005460500717163086,14650.671091123433
108,rodent_stac_optimized.xml,20,8,cpu,32,env.rollout,0.015342473983764648,10428.56583425277
109,rodent_stac_optimized.xml,20,8,cpu,32,env.step(env.rand_action()),0.012466669082641602,12834.22211172522
110,rodent_stac_optimized.xml,20,8,cpu,32,env.simulation_pool.step(),0.005048036575317383,31695.49142776177
111,rodent_stac_optimized.xml,20,8,cuda,32,env.rollout,0.022973060607910156,6964.679314209805
112,rodent_stac_optimized.xml,20,8,cuda,32,env.step(env.rand_action()),0.018213987350463867,8784.457621572092
113,rodent_stac_optimized.xml,20,8,cuda,32,env.simulation_pool.step(),0.004944801330566406,32357.215043394408
114,rodent_stac_optimized.xml,20,16,cpu,32,env.rollout,0.017026185989379883,18794.57913825214
115,rodent_stac_optimized.xml,20,16,cpu,32,env.step(env.rand_action()),0.015218496322631836,21027.044539487084
116,rodent_stac_optimized.xml,20,16,cpu,32,env.simulation_pool.step(),0.00629878044128418,50803.48537037738
117,rodent_stac_optimized.xml,20,16,cuda,32,env.rollout,0.030040502548217773,10652.285176866482
118,rodent_stac_optimized.xml,20,16,cuda,32,env.step(env.rand_action()),0.02067732810974121,15475.887324593265
119,rodent_stac_optimized.xml,20,16,cuda,32,env.simulation_pool.step(),0.012497425079345703,25605.274524018467
120,rodent_stac_optimized.xml,20,32,cpu,32,env.rollout,0.023491859436035156,27243.479884707507
121,rodent_stac_optimized.xml,20,32,cpu,32,env.step(env.rand_action()),0.01981949806213379,32291.433314487123
122,rodent_stac_optimized.xml,20,32,cpu,32,env.simulation_pool.step(),0.014182806015014648,45125.0619463076
123,rodent_stac_optimized.xml,20,32,cuda,32,env.rollout,0.028987407684326172,22078.55241729861
124,rodent_stac_optimized.xml,20,32,cuda,32,env.step(env.rand_action()),0.02322077751159668,27561.523281482623
125,rodent_stac_optimized.xml,20,32,cuda,32,env.simulation_pool.step(),0.01353764533996582,47275.577393846535
126,rodent_stac_optimized.xml,20,64,cpu,32,env.rollout,0.02866959571838379,44646.60096965463
127,rodent_stac_optimized.xml,20,64,cpu,32,env.step(env.rand_action()),0.02394700050354004,53451.37065540964
128,rodent_stac_optimized.xml,20,64,cpu,32,env.simulation_pool.step(),0.014771461486816406,86653.57866873265
129,rodent_stac_optimized.xml,20,64,cuda,32,env.rollout,0.03453993797302246,37058.549468147525
130,rodent_stac_optimized.xml,20,64,cuda,32,env.step(env.rand_action()),0.030443668365478516,42044.867413266504
131,rodent_stac_optimized.xml,20,64,cuda,32,env.simulation_pool.step(),0.02632284164428711,48626.96882415811
132,rodent_stac_optimized.xml,20,128,cpu,32,env.rollout,0.03895902633666992,65710.06107486873
133,rodent_stac_optimized.xml,20,128,cpu,32,env.step(env.rand_action()),0.03741168975830078,68427.81003849194
134,rodent_stac_optimized.xml,20,128,cpu,32,env.simulation_pool.step(),0.02511429786682129,101933.9666024284
135,rodent_stac_optimized.xml,20,128,cuda,32,env.rollout,0.046567678451538086,54973.751862338024
136,rodent_stac_optimized.xml,20,128,cuda,32,env.step(env.rand_action()),0.042575836181640625,60128.002867126605
137,rodent_stac_optimized.xml,20,128,cuda,32,env.simulation_pool.step(),0.02549004554748535,100431.36232263617
138,rodent_stac_optimized.xml,20,256,cpu,32,env.rollout,0.06557416915893555,78079.52530195827
139,rodent_stac_optimized.xml,20,256,cpu,32,env.step(env.rand_action()),0.05642437934875488,90740.91836001707
140,rodent_stac_optimized.xml,20,256,cpu,32,env.simulation_pool.step(),0.04497647285461426,113837.29481300856
141,rodent_stac_optimized.xml,20,256,cuda,32,env.rollout,0.07310271263122559,70038.44065032696
142,rodent_stac_optimized.xml,20,256,cuda,32,env.step(env.rand_action()),0.06192588806152344,82679.47639141281
143,rodent_stac_optimized.xml,20,256,cuda,32,env.simulation_pool.step(),0.05576443672180176,91814.78915572506
144,rodent_stac_optimized.xml,20,512,cpu,32,env.rollout,0.12043261528015137,85026.80088927427
145,rodent_stac_optimized.xml,20,512,cpu,32,env.step(env.rand_action()),0.10773634910583496,95046.84431009187
146,rodent_stac_optimized.xml,20,512,cpu,32,env.simulation_pool.step(),0.08481931686401367,120727.21614130955
147,rodent_stac_optimized.xml,20,512,cuda,32,env.rollout,0.11922001838684082,85891.61567458928
148,rodent_stac_optimized.xml,20,512,cuda,32,env.step(env.rand_action()),0.11674356460571289,87713.6143185652
149,rodent_stac_optimized.xml,20,512,cuda,32,env.simulation_pool.step(),0.08597016334533691,119111.09158728177
150,rodent_stac_optimized.xml,20,1024,cpu,32,env.rollout,0.2198023796081543,93174.6054638265
151,rodent_stac_optimized.xml,20,1024,cpu,32,env.step(env.rand_action()),0.20017194747924805,102312.0385144036
152,rodent_stac_optimized.xml,20,1024,cpu,32,env.simulation_pool.step(),0.16299962997436523,125644.45700411017
153,rodent_stac_optimized.xml,20,1024,cuda,32,env.rollout,0.2238924503326416,91472.49033887674
154,rodent_stac_optimized.xml,20,1024,cuda,32,env.step(env.rand_action()),0.20413970947265625,100323.45031206787
155,rodent_stac_optimized.xml,20,1024,cuda,32,env.simulation_pool.step(),0.16378259658813477,125043.8106772797
156,rodent_stac_optimized.xml,20,2048,cpu,32,env.rollout,0.41504740715026855,98687.521700793
157,rodent_stac_optimized.xml,20,2048,cpu,32,env.step(env.rand_action()),0.382465124130249,107094.7320834697
158,rodent_stac_optimized.xml,20,2048,cpu,32,env.simulation_pool.step(),0.32617759704589844,125575.76109139179
159,rodent_stac_optimized.xml,20,2048,cuda,32,env.rollout,0.39657139778137207,103285.31061279678
160,rodent_stac_optimized.xml,20,2048,cuda,32,env.step(env.rand_action()),0.37616539001464844,108888.27384785442
161,rodent_stac_optimized.xml,20,2048,cuda,32,env.simulation_pool.step(),0.31832003593444824,128675.53209385446
162,rodent_stac_optimized.xml,20,4096,cpu,32,env.rollout,0.8207259178161621,99814.07705263868
163,rodent_stac_optimized.xml,20,4096,cpu,32,env.step(env.rand_action()),0.7330880165100098,111746.47266776246
164,rodent_stac_optimized.xml,20,4096,cpu,32,env.simulation_pool.step(),0.6341242790222168,129186.0329434412
165,rodent_stac_optimized.xml,20,4096,cuda,32,env.rollout,0.7592062950134277,107902.16116233746
166,rodent_stac_optimized.xml,20,4096,cuda,32,env.step(env.rand_action()),0.7088007926940918,115575.49151240227
167,rodent_stac_optimized.xml,20,4096,cuda,32,env.simulation_pool.step(),0.6330993175506592,129395.17975936682
168,rodent_stac_optimized.xml,20,8192,cpu,32,env.rollout,1.6186702251434326,101218.88785931174
169,rodent_stac_optimized.xml,20,8192,cpu,32,env.step(env.rand_action()),1.432762622833252,114352.50849579711
170,rodent_stac_optimized.xml,20,8192,cpu,32,env.simulation_pool.step(),1.2503066062927246,131039.85788398003
171,rodent_stac_optimized.xml,20,8192,cuda,32,env.rollout,1.4957103729248047,109539.92361476849
172,rodent_stac_optimized.xml,20,8192,cuda,32,env.step(env.rand_action()),1.3712360858917236,119483.43664938907
173,rodent_stac_optimized.xml,20,8192,cuda,32,env.simulation_pool.step(),1.2667667865753174,129337.14535012296
174,rodent_stac_optimized.xml,20,16384,cpu,32,env.rollout,3.1236419677734375,104903.18781110932
175,rodent_stac_optimized.xml,20,16384,cpu,32,env.step(env.rand_action()),2.806680679321289,116750.01093435378
176,rodent_stac_optimized.xml,20,16384,cpu,32,env.simulation_pool.step(),2.4906563758850098,131563.71275164958
177,rodent_stac_optimized.xml,20,16384,cuda,32,env.rollout,2.886526346206665,113520.52976430352
178,rodent_stac_optimized.xml,20,16384,cuda,32,env.step(env.rand_action()),2.714231014251709,120726.64348739624
179,rodent_stac_optimized.xml,20,16384,cuda,32,env.simulation_pool.step(),2.496156930923462,131273.7977090141
180,humanoid_mjx.xml,20,1,cpu,32,env.rollout,0.011605024337768555,1723.3914740626606
181,humanoid_mjx.xml,20,1,cpu,32,env.step(env.rand_action()),0.00768280029296875,2603.217477656405
182,humanoid_mjx.xml,20,1,cpu,32,env.simulation_pool.step(),0.0018780231475830078,10649.496001015616
183,humanoid_mjx.xml,20,1,cuda,32,env.rollout,0.01673293113708496,1195.2478520439422
184,humanoid_mjx.xml,20,1,cuda,32,env.step(env.rand_action()),0.012489080429077148,1601.3989271328485
185,humanoid_mjx.xml,20,1,cuda,32,env.simulation_pool.step(),0.0019061565399169922,10492.317698561601
186,humanoid_mjx.xml,20,2,cpu,32,env.rollout,0.011678457260131836,3425.10993610028
187,humanoid_mjx.xml,20,2,cpu,32,env.step(env.rand_action()),0.008170366287231445,4895.741340570195
188,humanoid_mjx.xml,20,2,cpu,32,env.simulation_pool.step(),0.0017626285552978516,22693.380224536722
189,humanoid_mjx.xml,20,2,cuda,32,env.rollout,0.017854928970336914,2240.277744395038
190,humanoid_mjx.xml,20,2,cuda,32,env.step(env.rand_action()),0.013377189636230469,2990.164682398232
191,humanoid_mjx.xml,20,2,cuda,32,env.simulation_pool.step(),0.001741647720336914,22966.75701574264
192,humanoid_mjx.xml,20,4,cpu,32,env.rollout,0.011260986328125,7104.173441734418
193,humanoid_mjx.xml,20,4,cpu,32,env.step(env.rand_action()),0.008620738983154297,9279.946899717905
194,humanoid_mjx.xml,20,4,cpu,32,env.simulation_pool.step(),0.0016536712646484375,48377.208765859286
195,humanoid_mjx.xml,20,4,cuda,32,env.rollout,0.018776655197143555,4260.609739064186
196,humanoid_mjx.xml,20,4,cuda,32,env.step(env.rand_action()),0.014235258102416992,5619.848928936306
197,humanoid_mjx.xml,20,4,cuda,32,env.simulation_pool.step(),0.00171661376953125,46603.37777777778
198,humanoid_mjx.xml,20,8,cpu,32,env.rollout,0.011670351028442383,13709.956076732926
199,humanoid_mjx.xml,20,8,cpu,32,env.step(env.rand_action()),0.00882863998413086,18122.8366189576
200,humanoid_mjx.xml,20,8,cpu,32,env.simulation_pool.step(),0.0017473697662353516,91566.19456951835
201,humanoid_mjx.xml,20,8,cuda,32,env.rollout,0.019173383712768555,8344.901577985302
202,humanoid_mjx.xml,20,8,cuda,32,env.step(env.rand_action()),0.014272212982177734,11210.595035247736
203,humanoid_mjx.xml,20,8,cuda,32,env.simulation_pool.step(),0.0016937255859375,94466.3063063063
204,humanoid_mjx.xml,20,16,cpu,32,env.rollout,0.012488842010498047,25622.871978924057
205,humanoid_mjx.xml,20,16,cpu,32,env.step(env.rand_action()),0.009797096252441406,32662.73921931276
206,humanoid_mjx.xml,20,16,cpu,32,env.simulation_pool.step(),0.0042877197265625,74631.743772242
207,humanoid_mjx.xml,20,16,cuda,32,env.rollout,0.022971391677856445,13930.370631765769
208,humanoid_mjx.xml,20,16,cuda,32,env.step(env.rand_action()),0.01703619956970215,18783.532013155134
209,humanoid_mjx.xml,20,16,cuda,32,env.simulation_pool.step(),0.002291440963745117,139650.11757361356
210,humanoid_mjx.xml,20,32,cpu,32,env.rollout,0.013948440551757812,45883.265417749215
211,humanoid_mjx.xml,20,32,cpu,32,env.step(env.rand_action()),0.01176142692565918,54415.16612272202
212,humanoid_mjx.xml,20,32,cpu,32,env.simulation_pool.step(),0.003007173538208008,212824.43193530483
213,humanoid_mjx.xml,20,32,cuda,32,env.rollout,0.023773670196533203,26920.538339651404
214,humanoid_mjx.xml,20,32,cuda,32,env.step(env.rand_action()),0.02172231674194336,29462.78739984634
215,humanoid_mjx.xml,20,32,cuda,32,env.simulation_pool.step(),0.0030241012573242188,211633.1251970987
216,humanoid_mjx.xml,20,64,cpu,32,env.rollout,0.017046451568603516,75088.9412291253
217,humanoid_mjx.xml,20,64,cpu,32,env.step(env.rand_action()),0.013758659362792969,93032.31995563873
218,humanoid_mjx.xml,20,64,cpu,32,env.simulation_pool.step(),0.009966611862182617,128428.79984690095
219,humanoid_mjx.xml,20,64,cuda,32,env.rollout,0.024198055267333984,52896.812816521175
220,humanoid_mjx.xml,20,64,cuda,32,env.step(env.rand_action()),0.020052671432495117,63831.89413485203
221,humanoid_mjx.xml,20,64,cuda,32,env.simulation_pool.step(),0.004773139953613281,268167.2887112887
222,humanoid_mjx.xml,20,128,cpu,32,env.rollout,0.01998734474182129,128081.0449345723
223,humanoid_mjx.xml,20,128,cpu,32,env.step(env.rand_action()),0.017011642456054688,150485.1754681018
224,humanoid_mjx.xml,20,128,cpu,32,env.simulation_pool.step(),0.017685890197753906,144748.15637638178
225,humanoid_mjx.xml,20,128,cuda,32,env.rollout,0.027626991271972656,92663.00390072147
226,humanoid_mjx.xml,20,128,cuda,32,env.step(env.rand_action()),0.021549224853515625,118797.7765976279
227,humanoid_mjx.xml,20,128,cuda,32,env.simulation_pool.step(),0.015265226364135742,167701.4109672482
228,humanoid_mjx.xml,20,256,cpu,32,env.rollout,0.026707172393798828,191708.80108553983
229,humanoid_mjx.xml,20,256,cpu,32,env.step(env.rand_action()),0.02284407615661621,224128.1269112352
230,humanoid_mjx.xml,20,256,cpu,32,env.simulation_pool.step(),0.01122736930847168,456028.4657365526
231,humanoid_mjx.xml,20,256,cuda,32,env.rollout,0.03393197059631348,150890.1460782316
232,humanoid_mjx.xml,20,256,cuda,32,env.step(env.rand_action()),0.031137943267822266,164429.61424786758
233,humanoid_mjx.xml,20,256,cuda,32,env.simulation_pool.step(),0.023929357528686523,213963.12014905296
234,humanoid_mjx.xml,20,512,cpu,32,env.rollout,0.04176950454711914,245154.9308766282
235,humanoid_mjx.xml,20,512,cpu,32,env.step(env.rand_action()),0.03897452354431152,262735.73269876617
236,humanoid_mjx.xml,20,512,cpu,32,env.simulation_pool.step(),0.022416353225708008,456809.36131289817
237,humanoid_mjx.xml,20,512,cuda,32,env.rollout,0.0448918342590332,228103.8449200701
238,humanoid_mjx.xml,20,512,cuda,32,env.step(env.rand_action()),0.04042625427246094,253300.73696626563
239,humanoid_mjx.xml,20,512,cuda,32,env.simulation_pool.step(),0.02184772491455078,468698.6878519359
240,humanoid_mjx.xml,20,1024,cpu,32,env.rollout,0.06988382339477539,293057.80658719817
241,humanoid_mjx.xml,20,1024,cpu,32,env.step(env.rand_action()),0.0626382827758789,326956.60053896863
242,humanoid_mjx.xml,20,1024,cpu,32,env.simulation_pool.step(),0.04377126693725586,467886.8452530094
243,humanoid_mjx.xml,20,1024,cuda,32,env.rollout,0.07155370712280273,286218.5737609873
244,humanoid_mjx.xml,20,1024,cuda,32,env.step(env.rand_action()),0.061254262924194336,334344.07700481475
245,humanoid_mjx.xml,20,1024,cuda,32,env.simulation_pool.step(),0.040985822677612305,499684.9803672916
246,humanoid_mjx.xml,20,2048,cpu,32,env.rollout,0.13030672073364258,314335.28347110766
247,humanoid_mjx.xml,20,2048,cpu,32,env.step(env.rand_action()),0.11264157295227051,363631.28573635896
248,humanoid_mjx.xml,20,2048,cpu,32,env.simulation_pool.step(),0.08327293395996094,491876.5083946036
249,humanoid_mjx.xml,20,2048,cuda,32,env.rollout,0.12268877029418945,333852.88565354433
250,humanoid_mjx.xml,20,2048,cuda,32,env.step(env.rand_action()),0.12085556983947754,338916.9407285389
251,humanoid_mjx.xml,20,2048,cuda,32,env.simulation_pool.step(),0.08436059951782227,485534.71921861666
252,humanoid_mjx.xml,20,4096,cpu,32,env.rollout,0.2431485652923584,336913.35954008426
253,humanoid_mjx.xml,20,4096,cpu,32,env.step(env.rand_action()),0.2160196304321289,379224.7946916954
254,humanoid_mjx.xml,20,4096,cpu,32,env.simulation_pool.step(),0.16501212120056152,496448.37848264223
255,humanoid_mjx.xml,20,4096,cuda,32,env.rollout,0.2293236255645752,357224.42377369513
256,humanoid_mjx.xml,20,4096,cuda,32,env.step(env.rand_action()),0.2073206901550293,395136.63560902793
257,humanoid_mjx.xml,20,4096,cuda,32,env.simulation_pool.step(),0.17325997352600098,472815.4941551248
258,humanoid_mjx.xml,20,8192,cpu,32,env.rollout,0.48795318603515625,335769.9154119174
259,humanoid_mjx.xml,20,8192,cpu,32,env.step(env.rand_action()),0.4268069267272949,383873.80742928834
260,humanoid_mjx.xml,20,8192,cpu,32,env.simulation_pool.step(),0.337080717086792,486055.6884297071
261,humanoid_mjx.xml,20,8192,cuda,32,env.rollout,0.4604809284210205,355801.92335392465
262,humanoid_mjx.xml,20,8192,cuda,32,env.step(env.rand_action()),0.392911434173584,416989.6463934854
263,humanoid_mjx.xml,20,8192,cuda,32,env.simulation_pool.step(),0.3490180969238281,469431.2456690676
264,humanoid_mjx.xml,20,16384,cpu,32,env.rollout,0.9795193672180176,334531.41506600374
265,humanoid_mjx.xml,20,16384,cpu,32,env.step(env.rand_action()),0.8567473888397217,382469.7971286162
266,humanoid_mjx.xml,20,16384,cpu,32,env.simulation_pool.step(),0.6807398796081543,481358.6067392119
267,humanoid_mjx.xml,20,16384,cuda,32,env.rollout,0.8996484279632568,364231.1705494171
268,humanoid_mjx.xml,20,16384,cuda,32,env.step(env.rand_action()),0.7894983291625977,415048.3767933524
269,humanoid_mjx.xml,20,16384,cuda,32,env.simulation_pool.step(),0.6930201053619385,472828.9950965636
270,ant.xml,20,1,cpu,32,env.rollout,0.011297941207885742,1770.2340304302868
271,ant.xml,20,1,cpu,32,env.step(env.rand_action()),0.007729530334472656,2587.479333744602
272,ant.xml,20,1,cpu,32,env.simulation_pool.step(),0.0020799636840820312,9615.552498853736
273,ant.xml,20,1,cuda,32,env.rollout,0.017653703689575195,1132.906745897765
274,ant.xml,20,1,cuda,32,env.step(env.rand_action()),0.012886524200439453,1552.00888066605
275,ant.xml,20,1,cuda,32,env.simulation_pool.step(),0.002198934555053711,9095.313889190069
276,ant.xml,20,2,cpu,32,env.rollout,0.010130643844604492,3948.4163705255232
277,ant.xml,20,2,cpu,32,env.step(env.rand_action()),0.007675886154174805,5211.124708805715
278,ant.xml,20,2,cpu,32,env.simulation_pool.step(),0.0020394325256347656,19613.299041384147
279,ant.xml,20,2,cuda,32,env.rollout,0.01661062240600586,2408.0976029855033
280,ant.xml,20,2,cuda,32,env.step(env.rand_action()),0.012874841690063477,3106.8343178830023
281,ant.xml,20,2,cuda,32,env.simulation_pool.step(),0.002190828323364258,18257.934486886494
282,ant.xml,20,4,cpu,32,env.rollout,0.010964155197143555,7296.503794550634
283,ant.xml,20,4,cpu,32,env.step(env.rand_action()),0.008509397506713867,9401.37065366619
284,ant.xml,20,4,cpu,32,env.simulation_pool.step(),0.0019388198852539062,41262.21347761928
285,ant.xml,20,4,cuda,32,env.rollout,0.01781916618347168,4489.547893335474
286,ant.xml,20,4,cuda,32,env.step(env.rand_action()),0.013417482376098633,5962.3704177550335
287,ant.xml,20,4,cuda,32,env.simulation_pool.step(),0.0019843578338623047,40315.30938363571
288,ant.xml,20,8,cpu,32,env.rollout,0.011393070220947266,14043.624492529192
289,ant.xml,20,8,cpu,32,env.step(env.rand_action()),0.008944988250732422,17887.1112532651
290,ant.xml,20,8,cpu,32,env.simulation_pool.step(),0.0019321441650390625,82809.55577492596
291,ant.xml,20,8,cuda,32,env.rollout,0.019023895263671875,8410.475235612592
292,ant.xml,20,8,cuda,32,env.step(env.rand_action()),0.014722824096679688,10867.480243554865
293,ant.xml,20,8,cuda,32,env.simulation_pool.step(),0.0019826889038085938,80698.48965848966
294,ant.xml,20,16,cpu,32,env.rollout,0.013812065124511719,23168.15024511496
295,ant.xml,20,16,cpu,32,env.step(env.rand_action()),0.00953054428100586,33576.2565667684
296,ant.xml,20,16,cpu,32,env.simulation_pool.step(),0.0028302669525146484,113063.53971864207
297,ant.xml,20,16,cuda,32,env.rollout,0.02024364471435547,15807.430159702266
298,ant.xml,20,16,cuda,32,env.step(env.rand_action()),0.01625967025756836,19680.595911903576
299,ant.xml,20,16,cuda,32,env.simulation_pool.step(),0.0026988983154296875,118566.89752650177
300,ant.xml,20,32,cpu,32,env.rollout,0.01483464241027832,43142.26000867874
301,ant.xml,20,32,cpu,32,env.step(env.rand_action()),0.011476755142211914,55764.891040156224
302,ant.xml,20,32,cpu,32,env.simulation_pool.step(),0.003922462463378906,163162.8106005349
303,ant.xml,20,32,cuda,32,env.rollout,0.02234935760498047,28636.16983144869
304,ant.xml,20,32,cuda,32,env.step(env.rand_action()),0.01811075210571289,35338.12379874148
305,ant.xml,20,32,cuda,32,env.simulation_pool.step(),0.006254911422729492,102319.59443491518
306,ant.xml,20,64,cpu,32,env.rollout,0.01634073257446289,78331.86144912311
307,ant.xml,20,64,cpu,32,env.step(env.rand_action()),0.013727188110351562,93245.6078921773
308,ant.xml,20,64,cpu,32,env.simulation_pool.step(),0.009675264358520508,132296.12675882803
309,ant.xml,20,64,cuda,32,env.rollout,0.024708271026611328,51804.51512052029
310,ant.xml,20,64,cuda,32,env.step(env.rand_action()),0.020039081573486328,63875.18286734087
311,ant.xml,20,64,cuda,32,env.simulation_pool.step(),0.004497051239013672,284630.95748064894
312,ant.xml,20,128,cpu,32,env.rollout,0.019987106323242188,128082.57276457678
313,ant.xml,20,128,cpu,32,env.step(env.rand_action()),0.015793800354003906,162088.91733590967
314,ant.xml,20,128,cpu,32,env.simulation_pool.step(),0.013354301452636719,191698.53317146326
315,ant.xml,20,128,cuda,32,env.rollout,0.027882099151611328,91815.18170779676
316,ant.xml,20,128,cuda,32,env.step(env.rand_action()),0.022997617721557617,111315.8776267637
317,ant.xml,20,128,cuda,32,env.simulation_pool.step(),0.008492708206176758,301435.05909435445
318,ant.xml,20,256,cpu,32,env.rollout,0.026750802993774414,191396.12374221263
319,ant.xml,20,256,cpu,32,env.step(env.rand_action()),0.022604703903198242,226501.52914746178
320,ant.xml,20,256,cpu,32,env.simulation_pool.step(),0.013425588607788086,381361.3056063647
321,ant.xml,20,256,cuda,32,env.rollout,0.03531002998352051,145001.2929014659
322,ant.xml,20,256,cuda,32,env.step(env.rand_action()),0.029874086380004883,171385.99436556772
323,ant.xml,20,256,cuda,32,env.simulation_pool.step(),0.012873411178588867,397718.98286878417
324,ant.xml,20,512,cpu,32,env.rollout,0.0438692569732666,233420.86706050512
325,ant.xml,20,512,cpu,32,env.step(env.rand_action()),0.03609466552734375,283698.4316212217
326,ant.xml,20,512,cpu,32,env.simulation_pool.step(),0.03799247741699219,269527.040514082
327,ant.xml,20,512,cuda,32,env.rollout,0.04674339294433594,219068.3935202187
328,ant.xml,20,512,cuda,32,env.step(env.rand_action()),0.041004180908203125,249730.63168666852
329,ant.xml,20,512,cuda,32,env.simulation_pool.step(),0.025432825088500977,402629.2778866255
330,ant.xml,20,1024,cpu,32,env.rollout,0.06785082817077637,301838.61497538537
331,ant.xml,20,1024,cpu,32,env.step(env.rand_action()),0.05878782272338867,348371.4662535385
332,ant.xml,20,1024,cpu,32,env.simulation_pool.step(),0.04525136947631836,452582.9878080907
333,ant.xml,20,1024,cuda,32,env.rollout,0.07140731811523438,286805.3378919814
334,ant.xml,20,1024,cuda,32,env.step(env.rand_action()),0.06532835960388184,313493.2535300193
335,ant.xml,20,1024,cuda,32,env.simulation_pool.step(),0.0467526912689209,438049.6489966598
336,ant.xml,20,2048,cpu,32,env.rollout,0.11740422248840332,348880.12655631575
337,ant.xml,20,2048,cpu,32,env.step(env.rand_action()),0.10995030403137207,372531.9394143094
338,ant.xml,20,2048,cpu,32,env.simulation_pool.step(),0.08750247955322266,468101.0207840616
339,ant.xml,20,2048,cuda,32,env.rollout,0.11849570274353027,345666.54361004976
340,ant.xml,20,2048,cuda,32,env.step(env.rand_action()),0.112274169921875,364821.223158467
341,ant.xml,20,2048,cuda,32,env.simulation_pool.step(),0.09387516975402832,436324.1111288893
342,ant.xml,20,4096,cpu,32,env.rollout,0.22182989120483398,369291.98114404
343,ant.xml,20,4096,cpu,32,env.step(env.rand_action()),0.2084484100341797,392998.9199081318
344,ant.xml,20,4096,cpu,32,env.simulation_pool.step(),0.16988801956176758,482199.98214892176
345,ant.xml,20,4096,cuda,32,env.rollout,0.21409893035888672,382626.8532153818
346,ant.xml,20,4096,cuda,32,env.step(env.rand_action()),0.1986842155456543,412312.5723652474
347,ant.xml,20,4096,cuda,32,env.simulation_pool.step(),0.17078375816345215,479670.90595111955
348,ant.xml,20,8192,cpu,32,env.rollout,0.4208865165710449,389273.5774355558
349,ant.xml,20,8192,cpu,32,env.step(env.rand_action()),0.3708953857421875,441741.8126465627
350,ant.xml,20,8192,cpu,32,env.simulation_pool.step(),0.3365054130554199,486886.67000140285
351,ant.xml,20,8192,cuda,32,env.rollout,0.4162178039550781,393640.05682391004
352,ant.xml,20,8192,cuda,32,env.step(env.rand_action()),0.38173913955688477,429193.61161179916
353,ant.xml,20,8192,cuda,32,env.simulation_pool.step(),0.3344602584838867,489863.8802191003
354,ant.xml,20,16384,cpu,32,env.rollout,0.8350808620452881,392393.1380698188
355,ant.xml,20,16384,cpu,32,env.step(env.rand_action()),0.7393639087677002,443191.7708103242
356,ant.xml,20,16384,cpu,32,env.simulation_pool.step(),0.6729028224945068,486964.8172751943
357,ant.xml,20,16384,cuda,32,env.rollout,0.8081934452056885,405447.4853066943
358,ant.xml,20,16384,cuda,32,env.step(env.rand_action()),0.7259948253631592,451353.0793226894
359,ant.xml,20,16384,cuda,32,env.simulation_pool.step(),0.667076587677002,491217.9591568314
360,rodent.xml,20,1,cpu,32,env.rollout,0.018966197967529297,1054.5076052796983
361,rodent.xml,20,1,cpu,32,env.step(env.rand_action()),0.013745307922363281,1455.0419759938943
362,rodent.xml,20,1,cpu,32,env.simulation_pool.step(),0.007088661193847656,2821.407237992735
363,rodent.xml,20,1,cuda,32,env.rollout,0.0251615047454834,794.865021083053
364,rodent.xml,20,1,cuda,32,env.step(env.rand_action()),0.01947474479675293,1026.971095576803
365,rodent.xml,20,1,cuda,32,env.simulation_pool.step(),0.007306337356567383,2737.34964920868
366,rodent.xml,20,2,cpu,32,env.rollout,0.01712179183959961,2336.2040827693763
367,rodent.xml,20,2,cpu,32,env.step(env.rand_action()),0.01406240463256836,2844.4637346987215
368,rodent.xml,20,2,cpu,32,env.simulation_pool.step(),0.007297039031982422,5481.675488466314
369,rodent.xml,20,2,cuda,32,env.rollout,0.024526357650756836,1630.898503951551
370,rodent.xml,20,2,cuda,32,env.step(env.rand_action()),0.019573450088500977,2043.5845402389855
371,rodent.xml,20,2,cuda,32,env.simulation_pool.step(),0.0073277950286865234,5458.667968114528
372,rodent.xml,20,4,cpu,32,env.rollout,0.016797780990600586,4762.533815910865
373,rodent.xml,20,4,cpu,32,env.step(env.rand_action()),0.014162540435791016,5648.704084037575
374,rodent.xml,20,4,cpu,32,env.simulation_pool.step(),0.0074100494384765625,10796.149292149292
375,rodent.xml,20,4,cuda,32,env.rollout,0.024760723114013672,3230.9234117125966
376,rodent.xml,20,4,cuda,32,env.step(env.rand_action()),0.01971888542175293,4057.0244356584085
377,rodent.xml,20,4,cuda,32,env.simulation_pool.step(),0.007376670837402344,10845.00064641241
378,rodent.xml,20,8,cpu,32,env.rollout,0.017288923263549805,9254.480314417706
379,rodent.xml,20,8,cpu,32,env.step(env.rand_action()),0.014237165451049805,11238.192079042117
380,rodent.xml,20,8,cpu,32,env.simulation_pool.step(),0.007176876068115234,22293.82233738622
381,rodent.xml,20,8,cuda,32,env.rollout,0.025415897369384766,6295.2725089585565
382,rodent.xml,20,8,cuda,32,env.step(env.rand_action()),0.019801616668701172,8080.148337226383
383,rodent.xml,20,8,cuda,32,env.simulation_pool.step(),0.007174253463745117,22301.972018211425
384,rodent.xml,20,16,cpu,32,env.rollout,0.0221710205078125,14433.255333792154
385,rodent.xml,20,16,cpu,32,env.step(env.rand_action()),0.017601490020751953,18180.279034486495
386,rodent.xml,20,16,cpu,32,env.simulation_pool.step(),0.009846925735473633,32497.45236192828
387,rodent.xml,20,16,cuda,32,env.rollout,0.027435302734375,11663.804226918799
388,rodent.xml,20,16,cuda,32,env.step(env.rand_action()),0.02276468276977539,14056.861816886953
389,rodent.xml,20,16,cuda,32,env.simulation_pool.step(),0.007909059524536133,40459.93066650589
390,rodent.xml,20,32,cpu,32,env.rollout,0.026057004928588867,24561.533520600966
391,rodent.xml,20,32,cpu,32,env.step(env.rand_action()),0.023242473602294922,27535.79549884086
392,rodent.xml,20,32,cpu,32,env.simulation_pool.step(),0.013954877853393555,45862.09974201705
393,rodent.xml,20,32,cuda,32,env.rollout,0.03262948989868164,19614.15890923439
394,rodent.xml,20,32,cuda,32,env.step(env.rand_action()),0.028080463409423828,22791.64665727046
395,rodent.xml,20,32,cuda,32,env.simulation_pool.step(),0.014666318893432617,43637.39835812403
396,rodent.xml,20,64,cpu,32,env.rollout,0.03613901138305664,35418.7884785391
397,rodent.xml,20,64,cpu,32,env.step(env.rand_action()),0.033199310302734375,38555.017809950594
398,rodent.xml,20,64,cpu,32,env.simulation_pool.step(),0.022960662841796875,55747.519521515205
399,rodent.xml,20,64,cuda,32,env.rollout,0.04531693458557129,28245.51156660862
400,rodent.xml,20,64,cuda,32,env.step(env.rand_action()),0.038851022720336914,32946.36563917203
401,rodent.xml,20,64,cuda,32,env.simulation_pool.step(),0.022943496704101562,55789.22936237426
402,rodent.xml,20,128,cpu,32,env.rollout,0.05146193504333496,49745.506029734024
403,rodent.xml,20,128,cpu,32,env.step(env.rand_action()),0.04498410224914551,56908.99388902728
404,rodent.xml,20,128,cpu,32,env.simulation_pool.step(),0.0454709529876709,56299.67774579355
405,rodent.xml,20,128,cuda,32,env.rollout,0.0601048469543457,42592.23889122484
406,rodent.xml,20,128,cuda,32,env.step(env.rand_action()),0.05528450012207031,46305.92651371399
407,rodent.xml,20,128,cuda,32,env.simulation_pool.step(),0.03200817108154297,79979.57751094956
408,rodent.xml,20,256,cpu,32,env.rollout,0.07939982414245605,64483.77002465266
409,rodent.xml,20,256,cpu,32,env.step(env.rand_action()),0.07507705688476562,68196.59976627203
410,rodent.xml,20,256,cpu,32,env.simulation_pool.step(),0.05697441101074219,89864.90442234944
411,rodent.xml,20,256,cuda,32,env.rollout,0.10241174697875977,49994.26482844678
412,rodent.xml,20,256,cuda,32,env.step(env.rand_action()),0.0815286636352539,62799.99906420709
413,rodent.xml,20,256,cuda,32,env.simulation_pool.step(),0.06894707679748535,74259.85607828898
414,rodent.xml,20,512,cpu,32,env.rollout,0.15006422996520996,68237.44740751333
415,rodent.xml,20,512,cpu,32,env.step(env.rand_action()),0.13814759254455566,74123.62250682995
416,rodent.xml,20,512,cpu,32,env.simulation_pool.step(),0.1281423568725586,79911.12579725677
417,rodent.xml,20,512,cuda,32,env.rollout,0.15532517433166504,65926.20960549885
418,rodent.xml,20,512,cuda,32,env.step(env.rand_action()),0.14611172676086426,70083.35488882035
419,rodent.xml,20,512,cuda,32,env.simulation_pool.step(),0.12418985366821289,82454.40104436637
420,rodent.xml,20,1024,cpu,32,env.rollout,0.27301931381225586,75013.00810565824
421,rodent.xml,20,1024,cpu,32,env.step(env.rand_action()),0.25788354873657227,79415.69014516818
422,rodent.xml,20,1024,cpu,32,env.simulation_pool.step(),0.2248547077178955,91081.03720778828
423,rodent.xml,20,1024,cuda,32,env.rollout,0.27928662300109863,73329.6846799549
424,rodent.xml,20,1024,cuda,32,env.step(env.rand_action()),0.2656285762786865,77100.1384222804
425,rodent.xml,20,1024,cuda,32,env.simulation_pool.step(),0.23850369453430176,85868.69079738534
426,rodent.xml,20,2048,cpu,32,env.rollout,0.5309960842132568,77138.0453034561
427,rodent.xml,20,2048,cpu,32,env.step(env.rand_action()),0.49649500846862793,82498.31176820007
428,rodent.xml,20,2048,cpu,32,env.simulation_pool.step(),0.44158220291137695,92757.36143791203
429,rodent.xml,20,2048,cuda,32,env.rollout,0.5145988464355469,79595.98099318749
430,rodent.xml,20,2048,cuda,32,env.step(env.rand_action()),0.519322395324707,78872.00777156877
431,rodent.xml,20,2048,cuda,32,env.simulation_pool.step(),0.4558115005493164,89861.70807589867
432,rodent.xml,20,4096,cpu,32,env.rollout,1.1194658279418945,73177.75849452015
433,rodent.xml,20,4096,cpu,32,env.step(env.rand_action()),0.9982712268829346,82061.86634847947
434,rodent.xml,20,4096,cpu,32,env.simulation_pool.step(),0.9097135066986084,90050.32836908336
435,rodent.xml,20,4096,cuda,32,env.rollout,1.029177188873291,79597.56676076671
436,rodent.xml,20,4096,cuda,32,env.step(env.rand_action()),0.9802558422088623,83570.0196546703
437,rodent.xml,20,4096,cuda,32,env.simulation_pool.step(),0.8719875812530518,93946.29208168358
438,rodent.xml,20,8192,cpu,32,env.rollout,2.0956156253814697,78182.27637531374
439,rodent.xml,20,8192,cpu,32,env.step(env.rand_action()),1.9022777080535889,86128.32884828428
440,rodent.xml,20,8192,cpu,32,env.simulation_pool.step(),1.7426517009735107,94017.63984648959
441,rodent.xml,20,8192,cuda,32,env.rollout,1.95756196975708,83695.94553388847
442,rodent.xml,20,8192,cuda,32,env.step(env.rand_action()),1.8803095817565918,87134.58761771565
443,rodent.xml,20,8192,cuda,32,env.simulation_pool.step(),1.7367076873779297,94339.42233961352
444,rodent.xml,20,16384,cpu,32,env.rollout,4.103013515472412,79863.25142832771
445,rodent.xml,20,16384,cpu,32,env.step(env.rand_action()),3.7244081497192383,87981.76430386715
446,rodent.xml,20,16384,cpu,32,env.simulation_pool.step(),3.4573380947113037,94778.1186055401
447,rodent.xml,20,16384,cuda,32,env.rollout,3.869124174118042,84691.00118108613
448,rodent.xml,20,16384,cuda,32,env.step(env.rand_action()),3.693307638168335,88722.63891954317
449,rodent.xml,20,16384,cuda,32,env.simulation_pool.step(),3.4352328777313232,95388.00182199133
